id_company;creation_time_company;address;zip;country;phone;email;company_name;auto_published
5993509db7257;2017-08-15 19:50:53;1234 Placeholder Ave;34786;United States;3032432258;tkelly@p1.media;FansTV.org;0
59f206df21712;2017-10-26 16:01:35;13276 E Fremont Pl;80112;United States;3033397334;tkelly@weathernationtv.com;OMG Live;1
5a21c85883c22;2017-12-01 21:23:36;4193 Newcomb Rd Decatur, GA;30034;United States;7777777777;ryankilgoremusic@gmail.com;Ryan Kilgore Music;0
5a21c8a80770a;2017-12-01 21:24:56;2627 Paces Rdg Apt J Atlanta, GA;30339;United States;7777777777;aaronmasonready4success@gmail.com;Rhythm & Christian - R&C;0
5a21c8de8196d;2017-12-01 21:25:50;3028 Sable Run Rd Atlanta, GA;30349;United States;7777777777;marvinmumfordmusic@gmail.com;Marvin Mumford Music;0
5a21c927e4204;2017-12-01 21:27:04;3075 Veterans Highway, Suite 131 Ronkonkoma, NY;11779;United States;7777777777;harry@gvpdigitalmedia.com;GVP Media Group;0
5a21e0edaa9ee;2017-12-01 23:08:29;1209 Castle Cove Lane Keller, TX;7626;United States;7777777777;chelsea@lancelearning.com;Lance Wallnau Ministires;0
5a5659a7615b1;2018-01-10 18:21:27;1234 Main Street;38103;United States;7196856117;taylorutt32@gmail.com;Taylor Utt's Company;0
5a57e803110a9;2018-01-11 22:41:07;239 N Loop 1604 W, San Antonio, TX;78232;United States;2104943900;Jason.madding@jhm.org;John Hagee Ministries;0
5a6b89462bbc4;2018-01-26 20:02:14;N/A;80112;United States;8172356169;Randy@crossculturemediagroup.com;Life Today;0
5a6b8a27c2144;2018-01-26 20:06:00;Not Available;80112;United States;7706541853;Brian.Smith@FreeChapel.org;Free Chapel;0
5a6ba86641e1b;2018-01-26 22:15:02;PO Box 25938 Greenville, SC;29616;United States;8643463342;jhayes@RonCarpenter.com;Ron Carpenter Ministries;0
5a6bb34de2d77;2018-01-26 23:01:34;Not Available;80112;United States;6199881319;Thompson@MandateRecords.com;Mandate Records;0
5a70e20cc72af;2018-01-30 21:22:21;NOT AVAILABLE;80112;United States;2256254050;Jamie@Bethany.com;Bethany Church;0
5a724e543bb95;2018-01-31 23:16:36;Not Available;80112;United States;7276423918;Snicotra@paulawhite.org;Paula White Ministries;0
5a74e51a9df5d;2018-02-02 22:24:26;4301 Westinghouse Blvd., Charlotte, NC;28273;United States;9404643748;awinfrey@newtonmedia.com;Sid Roth Ministries;0
5a78d5c6098cd;2018-02-05 22:08:06;500 S Nolen, Ste 300, Southlake Texas;76092;United States;8173281000;media.admin@gatewaystaff.com;Gateway Church;0
5a7e0b70ec79e;2018-02-09 20:58:25;Not Available;80112;United States;7194873300;Abevere@Messengerinternational.org;Messenger International;0
5a85b0c31bb44;2018-02-15 16:09:39;2435 N. Central Expy, Ste #100;75080;United States;4699306800;elliott@nflmg.com;NFL MG;0
5a96d1c60d288;2018-02-28 15:59:02;1010 Taylor Station Rd, Suite E, Columbus, OH;43205;United States;6143101300;stationdrop@captionlabs.com;Caption Labs;0
5aabd8f37f73e;2018-03-16 14:47:15;DO NOT DELETE THIS COMPANY ITS NEEDED FOR THE APPS;0;United States;0000000000;testezz@gmail.com;User's Content Generated;0
5aafe5d4a1cb7;2018-03-19 16:31:17;8500 Teel Pkwy;75034;United States;2143879833;clayj@elevatelife.com;Elevate Life Church;0
5ac62a565ffa7;2018-04-05 13:53:26;13276 E Fremont PlCentennial, CO;80112;United States;3033397334;tkelly@p1.media;Americas Voice;1
5af1d5219af35;2018-05-08 16:49:37;Test;12345;United States;7196856117;damon@bonkotv.com;Live From Studio 6B;1
5afb23231aff1;2018-05-15 18:12:51;8336 Garnet Canyon LaneLas Vegas, NV;89129;United States;9255192222;Mark@PatriotandPreacherShow.com;Patriot and Preacher Show LLC;0
5afb236e237d8;2018-05-15 18:14:06;8336 Garnet Canyon LaneLas Vegas, NV;89129;United States;3107705114;BViviano@AVoiceNews.com;Dumb Blonde, Inc.;0
5afef74fd911b;2018-05-18 15:54:56;N/A;80112;United States;2489820686;ashley@kindakind.com;Kinda Kind;0
5afef8c6c8a85;2018-05-18 16:01:11;N/A;80112;United States;7043691242;billmitchell@yourvoiceamerica.tv;YourVoice America;1
5afef978b8e23;2018-05-18 16:04:08;N/A;80112;United States;3232510416;CGBladt@gmail.com;Trump Report;0
5afef9bb21ae6;2018-05-18 16:05:15;N/A;N/A;United States;4434786281;wayne.dupree@outloook.com;Wayne Dupree Show;1
5afefa32305fb;2018-05-18 16:07:14;N/A;N/A;United States;3055283552;TheEdwardWoodsonShow@gmail.com;The Ed Woodson Show;0
5afefa3d09002;2018-05-18 16:07:25;N/A;80112;United States;80527921012;Dave@WhiskeyPolitics.net;Whiskey Politics;1
5afefae0d0581;2018-05-18 16:10:09;N/A;N/A;United States;7347883686;TGM@McCotterrocks.com;Drain the Swamp;0
5afefb75007c4;2018-05-18 16:12:37;N/A;N/A;United States;3149544522;stacyontheright@gmail.com;Stacy on the Right;0
5afefc0b247eb;2018-05-18 16:15:07;N/A;N/A;United States;8178790113;ron@theconservativecartel.com;Marketplace of Liberty;0
5afefc7e774f4;2018-05-18 16:17:02;N/A;N/A;United States;3102663939;ROHara@AVoiceNews.com;Stephen Baldwin Show;0
5afefd1886a8f;2018-05-18 16:19:36;N/A;N/A;United States;2146997670;Kidsalcedo@yahoo.com;The Chris Salcedo Show;0
5afefd8444c6a;2018-05-18 16:21:24;N/A;N/A;United States;6613131978;joe@therealside.com;The Real Side;0
5afeff3ee33d0;2018-05-18 16:28:47;N/A;N/A;United States;8183576873;Evan.Sayet@gmail.com;Sayet Right;0
5aff00140a22f;2018-05-18 16:32:20;N/A;80112;United States;3107705114;DiamondandSilk@gmail.com;Diamond and Silk;0
5b04440f27b5c;2018-05-22 16:23:43;N/A;N/A;United States;7604085390;TheZoLoft@BronzeSerpentMedia.com;Alfonso Rachel;0
5b04454292f0a;2018-05-22 16:28:50;N/A;N/A;United States;5622424760;PoliticsAndProfits@gmail.com;Politics and Profits;0
5b04462f687cf;2018-05-22 16:32:47;N/A;N/A;United States;5622424760;GetRealLydie@gmail.com;Time To Get Real;0
5b04476755008;2018-05-22 16:37:59;N/A;N/A;United States;2059145203;AmandaClaireHead@Gmail.com;Head's Up;0
5b04482ba31c3;2018-05-22 16:41:15;N/A;N/A;United States;7604085390;BibleTrippin@BronzeSerpentMedia.com;Bible Trippin;0
5b044cf15af38;2018-05-22 17:01:37;N/A;N/A;United States;5613794353;ff@yourvoiceamerica.tv;Faith and Freedom;0
5b044d5576cb5;2018-05-22 17:03:17;N/A;N/A;United States;5613794353;pp@yourvoiceamerica.tv;Power and Patriots;0
5b044da938afa;2018-05-22 17:04:41;N/A;N/A;United States;5613794353;tbv@yourvoiceamerica.tv;The Better View;0
5b044dfca2ce6;2018-05-22 17:06:04;N/A;N/A;United States;5613794353;tva@yourvoiceamerica.tv;Tu Voz America;0
5b04766cc6a2a;2018-05-22 19:58:36;N/A;N/A;United States;6312410359;harry@gvpdigitalmedia.com;GVP Digital;0
5b0590d40d938;2018-05-23 16:03:32;13276 E Fremont PLace;80112;United States;123456789;markleonardnow@gmail.com;Mark Test;0
5b0596e8a1548;2018-05-23 16:29:28;N/A;N/A;United States;7022714436;BattlefieldAmerica@hotmail.com;Battlefield America;0
5b0597ea57074;2018-05-23 16:33:46;N/A;N/A;United States;7022714436;BlueViewTV@hotmail.com;The Blue View;0
5b059a817856c;2018-05-23 16:44:49;13276 E Fremont Pl.;80112;United States;9255192222;WhatJustHappenedAV@gmail.com;What Just Happened with Mark Anthony;0
5b059ada5c42e;2018-05-23 16:46:18;N/A;N/A;United States;7022714436;RealWarTV@hotmail.com;The Real War TV;0
5b059adc989d2;2018-05-23 16:46:20;13276 E Fremont Pl;80112;United States;7022714436;VegasLawyerTV@hotmail.com;Vegas Lawyer;0
5b059b2399bc3;2018-05-23 16:47:31;N/A;N/A;United States;7022714436;OurVoiceAmerica@hotmail.com;Our Voice America with Rob Lauer;0
5b059b60d6405;2018-05-23 16:48:33;N/A;N/A;United States;7022714436;News360Daily@Hotmail.com;The Heat with Megan Barth;0
5b0f2828f006c;2018-05-30 22:39:37;N/A;N/A;United States;6199949991;DamonR1970@gmail.com;The Truth Report;0
5b311c34cc221;2018-06-25 16:45:41;N/A;N/A;United States;6025760962;escott@yourvoiceamerica.tv;Cant seem to delete this;0
5b46670040c2b;2018-07-11 20:22:24;N/A;N/A;United States;2139109818;mychal@mychalwilsonesq.com;The Whistleblower;0
5b52409d9ba04;2018-07-20 20:05:49;N/A;N/A;United States;7043691242;avn@yourvoiceamerica.tv;YVA;0
5b5635a95ec0a;2018-07-23 20:08:09;N/A;N/A;United States;6192007228;JobenomicsAmerica@gmail.com;Jobenomics America;0
5b5f72cf09e13;2018-07-30 20:19:27;N/A;N/A;United States;7604085390;zo@bronzeserpentmedia.com;Bible Trippin with Alfonzo Rachel;0
5b7b06e187427;2018-08-20 18:22:25;n/a;na;United States;3105006073;lydie.denier@gmail.com;Time To Get Real with Lydie Denier;0
5b7b16d2cdaa0;2018-08-20 19:30:27;13276 E. Fremont Place;80112;United States;7196856117;ron@mojo50.com;The Daily Mojo;0
5bda03b47d776;2018-10-31 19:34:12;n/a;n/a;United States;7609367472;radioactivebroadcasting@yahoo.com;Rad TV;0
5bda0406d9287;2018-10-31 19:35:35;n/a;n/a;United States;7609367472;barbarajbeach@gmail.com;American Patriot TV;0
5beb4242700ef;2018-11-13 21:29:38;13276 E. Fremont pl.;80112;United States;7196856117;harry@gvpdigitalmedia.com;America's Voice Live;0
5c378acfb25c9;2019-01-10 18:11:27;13276 E Fremont Pl;80112;United States;3038840136;MarkLeonardNow@gmail.com;Americas Voice Special Report;1
5c7e83c2f4035;2019-03-05 14:12:19;13276 E Fremont Pl;80112;United States;3038840136;MarkLeonardNow@gmail.com;CPAC 2019;0
5c818d5b49e3f;2019-03-07 21:30:03;13276 E Fremont Pl;80112;United States;3032432258;eric@gvpdigitalmedia.com;Breaking Point;1
5cb88e4494926;2019-04-18 14:48:36;13276 E Fremont Pl;80112;United States;3033333333;tkelly@weathernationtv.com;WeatherNation;0
5cc9d51b61ae7;2019-05-01 17:19:23;153 Rivergate Drive, Franklin, TN;37064;United States;8168772285;JoeDanMedia@Gmail.com;JoeDanMedia;0
5cd96e551affd;2019-05-13 13:17:09;13276 E Fremont Pl;80112;United States;6312410359;tkelly@weathernationtv.com;The Steve Gruber Show;1
5cf7e848cc6ac;2019-06-05 16:05:29;somewhere;9000;Portugal;1234656789;contact@tvappagency.com;TVA QA;1
5d11306cabb54;2019-06-24 20:19:56;13276 E Fremont Pl;80112;United States;3032432258;srochelle@p1.media;Daily Report;1
5d82835747ae8;2019-09-18 19:19:51;13276 E Fremont Pl;80112;United States;3033397312;cthompson@weathernationtv.com;Locke and Load;1
5d9b96d37fbb7;2019-10-07 19:49:39;13276 E Fremont Pl;80112;United States;6315139707;eric@gvpdigitalmedia.com;Ringside Politics;1
5dd403f88fe29;2019-11-19 15:02:16;3075 Veterans HighwaySuite 131Ronkonkoma, NY 11779;11779;United States;6315139707;eric@gvpdigitalmedia.com;The War Room;1
5e14ef8bb24e9;2020-01-07 20:52:28;12345 ave;23456;United States;7604085390;Zo@BronzeSerpentMedia.com;Bronze Serpent Media;1
5e21be694d2d9;2020-01-17 14:02:17;13276 E Fremont Pl;80112;United States;3032432258;cthompson@americasvoice.news;John Martin Talks;1
5e43105a0beee;2020-02-11 20:36:42;13276 E Fremont Pl;80112;United States;3032432258;trumprally@americasvoice.news;Trump Rally;1
5e431a7522465;2020-02-11 21:19:49;13276 E Fremont Pl;80112;United States;3032432258;roadshow@americasvoice.news;Road Show;1
5e7e336e08d3c;2020-03-27 17:10:06;3075 Veterans Highway - Suite 131;11779;United States;6312852544;harry@gvpdigitalmedia.com;The Invisible Enemy;1
5e834e867140e;2020-03-31 14:07:02;13276 E Fremont Pl;80112;United States;3032432258;FaithOverFear@americasvoice.news;Faith Over Fear;1
5e8640130bea9;2020-04-02 19:42:11;13276 E Fremont Pl;80112;United States;3032432258;TheInvisibleEnemy@americasvoice.news;The Invisible Enemy;1
5e8641907d9cc;2020-04-02 19:48:32;13276 E Fremont Pl;80112;United States;3032432258;GinaLoudonLive@americasvoice.news;Gina Loudon Live;1
5f3c4bec2a778;2020-08-18 21:45:16;13276 E Fremont Pl;80112;United States;333333333;srochelle@americasvoice.news;National Pulse;1
5f43b6e26b165;2020-08-24 12:47:30;13276 E Fremont Pl;80112;United States;333333333;tds@americasvoice.news;News On;1
